[
  {
    "id": "ex_asymptotic_linear_search",
    "title": "Asymptotic Notations – Linear Search",
    "description": "Java example demonstrating Big-O, Omega, and Theta using linear search.",
    "language": "java",
    "code": "class AsymptoticExample {\n    static int linearSearch(int[] arr, int key) {\n        for (int i = 0; i < arr.length; i++) {\n            if (arr[i] == key)\n                return i;\n        }\n        return -1;\n    }\n    public static void main(String[] args) {\n        int[] arr = {4, 2, 7, 1};\n        System.out.println(linearSearch(arr, 7));\n    }\n}",
    "explanation": "Best case → Ω(1) when element is at index 0. Worst case → O(n) when element is at last index or not present.",
    "order": 1
  }
]
