[
  {
    "id": "ex_time_complexity_single_loop",
    "title": "Time Complexity – Single Loop",
    "description": "Java example showing a single loop and its O(n) time complexity.",
    "language": "java",
    "code": "class TimeComplexityExample {\n    public static void main(String[] args) {\n        int n = 5;\n        for (int i = 0; i < n; i++) {\n            System.out.println(i);\n        }\n    }\n}",
    "explanation": "The loop runs n times. Time Complexity: O(n). Space Complexity: O(1).",
    "order": 1
  }
]
